{"cameraMode":{"drawMode":0,"name":"Shaded","section":"Shading Mode"},"sceneLighting":true,"audioPlay":false,"sceneViewState":{"m_AlwaysRefresh":false,"showFog":true,"showSkybox":true,"showFlares":true,"showImageEffects":true,"showParticleSystems":true,"showVisualEffectGraphs":true,"m_FxEnabled":true},"in2DMode":false,"pivot":{"x":-29.192577362060548,"y":-25.849836349487306,"z":-58.265438079833987},"rotation":{"x":0.04456019774079323,"y":-0.9545941352844238,"z":0.1889132261276245,"w":0.22660782933235169},"size":47.11254119873047,"orthographic":false}