{"cameraMode":{"drawMode":0,"name":"Shaded","section":"Shading Mode"},"sceneLighting":true,"audioPlay":false,"sceneViewState":{"m_AlwaysRefresh":false,"showFog":true,"showSkybox":true,"showFlares":true,"showImageEffects":true,"showParticleSystems":true,"showVisualEffectGraphs":true,"m_FxEnabled":true},"in2DMode":false,"pivot":{"x":-0.17603206634521485,"y":-0.19626665115356446,"z":0.3842811584472656},"rotation":{"x":-0.10529512912034989,"y":0.8755803108215332,"z":-0.22153060138225556,"w":-0.41616976261138918},"size":7.071067810058594,"orthographic":false}