{"cameraMode":{"drawMode":0,"name":"Shaded","section":"Shading Mode"},"sceneLighting":false,"audioPlay":false,"sceneViewState":{"m_AlwaysRefresh":false,"showFog":true,"showSkybox":false,"showFlares":true,"showImageEffects":true,"showParticleSystems":true,"showVisualEffectGraphs":true,"m_FxEnabled":true},"in2DMode":false,"pivot":{"x":-0.9616425633430481,"y":1.3645130395889283,"z":-2.8590688705444338},"rotation":{"x":0.17027106881141663,"y":0.22715707123279572,"z":-0.04009662941098213,"w":0.9581515192985535},"size":0.007885310798883438,"orthographic":false}